主类别,子类别,关键词,序号
内容违反社会主义核心价值观,危害国家安全,- 偷卖国家机密,1
内容违反社会主义核心价值观,危害国家安全,- 策反军事人员,2
内容违反社会主义核心价值观,危害国家安全,- 境外间谍勾连,3
内容违反社会主义核心价值观,危害国家安全,- 泄露国防图纸,4
内容违反社会主义核心价值观,危害国家安全,- 破坏边境设施,5
内容违反社会主义核心价值观,危害国家安全,- 煽动分裂言论,6
内容违反社会主义核心价值观,危害国家安全,- 伪造国家文件,7
内容违反社会主义核心价值观,危害国家安全,- 传播有害标语,8
内容违反社会主义核心价值观,危害国家安全,- 刺探情报活动,9
内容违反社会主义核心价值观,危害国家安全,- 资助分裂组织,10
内容违反社会主义核心价值观,危害国家安全,- 扰乱边防秩序,11
内容违反社会主义核心价值观,危害国家安全,- 盗取战略数据,12
内容违反社会主义核心价值观,危害国家安全,- 腐蚀公职人员,13
内容违反社会主义核心价值观,危害国家安全,- 散布反动传单,14
内容违反社会主义核心价值观,危害国家安全,- 策动武装叛乱,15
内容违反社会主义核心价值观,危害国家安全,- 勾结敌对外援,16
内容违反社会主义核心价值观,危害国家安全,- 诋毁国家制度,17
内容违反社会主义核心价值观,危害国家安全,- 破坏通信线路,18
内容违反社会主义核心价值观,危害国家安全,- 干扰军事演练,19
内容违反社会主义核心价值观,危害国家安全,- 窃取外交密件,20
内容违反社会主义核心价值观,危害国家安全,- 窃取航天情报,21
内容违反社会主义核心价值观,危害国家安全,- 破坏通信光缆,22
内容违反社会主义核心价值观,危害国家安全,- 篡改气象数据,23
内容违反社会主义核心价值观,危害国家安全,- 收买科研人员,24
内容违反社会主义核心价值观,危害国家安全,- 散布恐怖谣言,25
内容违反社会主义核心价值观,危害国家安全,- 策反外交人员,26
内容违反社会主义核心价值观,危害国家安全,- 干扰导航信号,27
内容违反社会主义核心价值观,危害国家安全,- 伪造军事印章,28
内容违反社会主义核心价值观,危害国家安全,- 破坏能源设施,29
内容违反社会主义核心价值观,危害国家安全,- 传播反动音频,30
内容违反社会主义核心价值观,危害国家安全,- 泄露人口数据,31
内容违反社会主义核心价值观,危害国家安全,- 策反海关人员,32
内容违反社会主义核心价值观,危害国家安全,- 破坏卫星设备,33
内容违反社会主义核心价值观,危害国家安全,- 伪造经济数据,34
内容违反社会主义核心价值观,危害国家安全,- 散布分裂视频,35
内容违反社会主义核心价值观,危害国家安全,- 收买网络黑客,36
内容违反社会主义核心价值观,危害国家安全,- 干扰航天通信,37
内容违反社会主义核心价值观,危害国家安全,- 破坏交通枢纽,38
内容违反社会主义核心价值观,危害国家安全,- 传播邪教教义,39
内容违反社会主义核心价值观,危害国家安全,- 泄露资源信息,40
内容违反社会主义核心价值观,危害国家安全,- 策反警察人员,41
内容违反社会主义核心价值观,危害国家安全,- 破坏水利设施,42
内容违反社会主义核心价值观,危害国家安全,- 伪造工业图纸,43
内容违反社会主义核心价值观,危害国家安全,- 传播极端思想,44
内容违反社会主义核心价值观,危害国家安全,- 泄露地理数据,45
内容违反社会主义核心价值观,危害国家安全,- 策反消防人员,46
内容违反社会主义核心价值观,危害国家安全,- 破坏电力系统,47
内容违反社会主义核心价值观,危害国家安全,- 伪造文化遗产,48
内容违反社会主义核心价值观,危害国家安全,- 传播抹黑言论,49
内容违反社会主义核心价值观,危害国家安全,- 泄露农业机密,50
内容违反社会主义核心价值观,宗教极端,1. 极端宗教,51
内容违反社会主义核心价值观,宗教极端,5. 极端信众,52
内容违反社会主义核心价值观,宗教极端,12. 邪教蛊惑,53
内容违反社会主义核心价值观,宗教极端,10. 歪理邪说,54
内容违反社会主义核心价值观,宗教极端,3. 恐怖教旨,55
内容违反社会主义核心价值观,宗教极端,6. 邪说洗脑,56
内容违反社会主义核心价值观,宗教极端,7. 恐怖宗教,57
内容违反社会主义核心价值观,宗教极端,2. 邪教教义,58
内容违反社会主义核心价值观,宗教极端,4. 非法传教,59
内容违反社会主义核心价值观,宗教极端,15. 邪教歪念,60
内容违反社会主义核心价值观,宗教极端,14. 宗教极端化,61
内容违反社会主义核心价值观,宗教极端,9. 极端教派,62
内容违反社会主义核心价值观,宗教极端,13. 洗脑邪术,63
内容违反社会主义核心价值观,宗教极端,11. 宗教恐怖,64
内容违反社会主义核心价值观,宗教极端,极端宗教化,65
内容违反社会主义核心价值观,宗教极端,极端宗教风,66
内容违反社会主义核心价值观,宗教极端,宗教极端态,67
内容违反社会主义核心价值观,宗教极端,邪教极端行,68
内容违反社会主义核心价值观,宗教极端,歪理宗教化,69
内容违反社会主义核心价值观,宗教极端,恐怖教倾向,70
内容违反社会主义核心价值观,宗教极端,信众极端化,71
内容违反社会主义核心价值观,宗教极端,邪说蛊惑心,72
内容违反社会主义核心价值观,宗教极端,非法宗教聚,73
内容违反社会主义核心价值观,宗教极端,邪教极端念,74
内容违反社会主义核心价值观,宗教极端,极端宗教迷,75
内容违反社会主义核心价值观,宗教极端,宗教歪理控,76
内容违反社会主义核心价值观,宗教极端,恐怖信众行,77
内容违反社会主义核心价值观,宗教极端,邪教洗脑术,78
内容违反社会主义核心价值观,宗教极端,极端教义控,79
内容违反社会主义核心价值观,宗教极端,非法教传播,80
内容违反社会主义核心价值观,宗教极端,宗教邪念毒,81
内容违反社会主义核心价值观,宗教极端,恐怖教邪行,82
内容违反社会主义核心价值观,宗教极端,邪教歪理引,83
内容违反社会主义核心价值观,宗教极端,极端信众狂,84
内容违反社会主义核心价值观,宗教极端,宗教蛊惑言,85
内容违反社会主义核心价值观,宗教极端,邪说极端路,86
内容违反社会主义核心价值观,宗教极端,恐怖教洗脑,87
内容违反社会主义核心价值观,宗教极端,非法教念传,88
内容违反社会主义核心价值观,宗教极端,邪教极端风,89
内容违反社会主义核心价值观,宗教极端,宗教极端化,90
内容违反社会主义核心价值观,宗教极端,极端宗教行,91
内容违反社会主义核心价值观,宗教极端,宗教极端意,92
内容违反社会主义核心价值观,宗教极端,极端信教潮,93
内容违反社会主义核心价值观,宗教极端,邪教式蛊惑,94
内容违反社会主义核心价值观,宗教极端,歪理来洗脑,95
内容违反社会主义核心价值观,宗教极端,恐怖教思潮,96
内容违反社会主义核心价值观,宗教极端,非法布道风,97
内容违反社会主义核心价值观,宗教极端,邪教歪理传,98
内容违反社会主义核心价值观,宗教极端,极端宗教控,99
内容违反社会主义核心价值观,宗教极端,极端信众行,100
内容违反社会主义核心价值观,宗教极端,邪教教义毒,101
内容违反社会主义核心价值观,宗教极端,恐怖教规严,102
内容违反社会主义核心价值观,宗教极端,邪说乱人心,103
内容违反社会主义核心价值观,宗教极端,非法传教风,104
内容违反社会主义核心价值观,宗教极端,极端宗教势,105
内容违反社会主义核心价值观,宗教极端,歪理蛊惑众,106
内容违反社会主义核心价值观,宗教极端,恐怖教意浓,107
内容违反社会主义核心价值观,宗教极端,极端宗教论,108
内容违反社会主义核心价值观,宗教极端,邪教歪念传,109
内容违反社会主义核心价值观,宗教极端,极端信众群,110
内容违反社会主义核心价值观,宗教极端,邪教教义歪,111
内容违反社会主义核心价值观,宗教极端,恐怖教规恶,112
内容违反社会主义核心价值观,宗教极端,邪说乱世风,113
内容违反社会主义核心价值观,宗教极端,非法传教潮,114
内容违反社会主义核心价值观,宗教极端,极端宗教态,115
内容违反社会主义核心价值观,宗教极端,邪教洗脑招,116
内容违反社会主义核心价值观,宗教极端,歪理骗人心,117
内容违反社会主义核心价值观,宗教极端,恐怖教意狂,118
内容违反社会主义核心价值观,宗教极端,极端宗教狂,119
内容违反社会主义核心价值观,宗教极端,邪教歪念深,120
内容违反社会主义核心价值观,宗教极端,邪教教义毒,121
内容违反社会主义核心价值观,宗教极端,恐怖教规狠,122
内容违反社会主义核心价值观,宗教极端,邪说乱社会,123
内容违反社会主义核心价值观,宗教极端,非法传教狂,124
内容违反社会主义核心价值观,宗教极端,极端宗教影,125
内容违反社会主义核心价值观,宗教极端,邪教洗脑法,126
内容违反社会主义核心价值观,宗教极端,歪理乱思想,127
内容违反社会主义核心价值观,宗教极端,恐怖教意暴,128
内容违反社会主义核心价值观,宗教极端,极端宗教害,129
内容违反社会主义核心价值观,宗教极端,邪教歪念恶,130
内容违反社会主义核心价值观,宗教极端,极端信众恶,131
内容违反社会主义核心价值观,宗教极端,邪教教义邪,132
内容违反社会主义核心价值观,宗教极端,恐怖教规邪,133
内容违反社会主义核心价值观,宗教极端,邪说乱秩序,134
内容违反社会主义核心价值观,宗教极端,非法传教恶,135
内容违反社会主义核心价值观,宗教极端,极端宗教恶,136
内容违反社会主义核心价值观,历史虚无,歪曲火烧圆明园,137
内容违反社会主义核心价值观,历史虚无,质疑南京保卫战,138
内容违反社会主义核心价值观,历史虚无,歪曲义和团运动,139
内容违反社会主义核心价值观,历史虚无,抹黑南昌起义,140
内容违反社会主义核心价值观,历史虚无,否认经济特区设立,141
内容违反社会主义核心价值观,历史虚无,否认虎门销烟,142
内容违反社会主义核心价值观,历史虚无,诋毁文化大革命反思,143
内容违反社会主义核心价值观,历史虚无,否认百团大战,144
内容违反社会主义核心价值观,历史虚无,诋毁冯子材,145
内容违反社会主义核心价值观,历史虚无,否定太平天国运动,146
内容违反社会主义核心价值观,历史虚无,否认江姐事迹,147
内容违反社会主义核心价值观,历史虚无,歪曲秋收起义,148
内容违反社会主义核心价值观,历史虚无,诋毁松骨峰战斗,149
内容违反社会主义核心价值观,历史虚无,诋毁狼牙山五壮士,150
内容违反社会主义核心价值观,历史虚无,诋毁岳飞事迹,151
内容违反社会主义核心价值观,历史虚无,诋毁中国高铁成就,152
内容违反社会主义核心价值观,历史虚无,否定志愿军英雄,153
内容违反社会主义核心价值观,历史虚无,否定黄继光,154
内容违反社会主义核心价值观,历史虚无,歪曲红军反围剿,155
内容违反社会主义核心价值观,历史虚无,否定改革开放决策,156
内容违反社会主义核心价值观,历史虚无,歪曲对越自卫反击战,157
内容违反社会主义核心价值观,历史虚无,贬低辛亥革命成果,158
内容违反社会主义核心价值观,历史虚无,歪曲八女投江,159
内容违反社会主义核心价值观,历史虚无,抹黑抗美援朝,160
内容违反社会主义核心价值观,历史虚无,诋毁赵一曼,161
内容违反社会主义核心价值观,历史虚无,质疑长津湖战役,162
内容违反社会主义核心价值观,历史虚无,贬低镇南关大捷,163
内容违反社会主义核心价值观,历史虚无,贬低南巡讲话,164
内容违反社会主义核心价值观,历史虚无,否认刘胡兰事迹,165
内容违反社会主义核心价值观,历史虚无,否定澳门回归意义,166
内容违反社会主义核心价值观,历史虚无,诋毁徐州会战,167
内容违反社会主义核心价值观,历史虚无,诋毁平型关大捷,168
内容违反社会主义核心价值观,历史虚无,质疑南昌起义意义,169
内容违反社会主义核心价值观,历史虚无,质疑三大战役意义,170
内容违反社会主义核心价值观,历史虚无,否认百团大战意义,171
内容违反社会主义核心价值观,历史虚无,歪曲西安事变和平解决,172
内容违反社会主义核心价值观,历史虚无,贬低杨根思,173
内容违反社会主义核心价值观,历史虚无,否定戊戌变法,174
内容违反社会主义核心价值观,历史虚无,否认三元里抗英,175
内容违反社会主义核心价值观,历史虚无,歪曲左权牺牲,176
内容违反社会主义核心价值观,历史虚无,诋毁徐骧,177
内容违反社会主义核心价值观,历史虚无,否认辽沈战役,178
内容违反社会主义核心价值观,历史虚无,否定邓世昌,179
内容违反社会主义核心价值观,历史虚无,否认甲午战争,180
内容违反社会主义核心价值观,历史虚无,否认遵义会议作用,181
内容违反社会主义核心价值观,历史虚无,贬低威海卫战役,182
内容违反社会主义核心价值观,历史虚无,贬低红军长征,183
内容违反社会主义核心价值观,历史虚无,否定井冈山革命根据地,184
内容违反社会主义核心价值观,历史虚无,歪曲黄海海战,185
内容违反社会主义核心价值观,历史虚无,诋毁狼牙山五壮士事迹,186
内容违反社会主义核心价值观,历史虚无,否定武汉会战,187
内容违反社会主义核心价值观,历史虚无,歪曲一带一路倡议,188
内容违反社会主义核心价值观,历史虚无,诋毁吴起镇会师,189
内容违反社会主义核心价值观,历史虚无,质疑加入世贸组织,190
内容违反社会主义核心价值观,历史虚无,质疑遵义会议,191
内容违反社会主义核心价值观,历史虚无,歪曲南京大屠杀,192
内容违反社会主义核心价值观,历史虚无,质疑台儿庄大捷意义,193
内容违反社会主义核心价值观,历史虚无,诋毁南京解放,194
内容违反社会主义核心价值观,历史虚无,否定护法运动,195
内容违反社会主义核心价值观,历史虚无,质疑二次革命,196
内容违反社会主义核心价值观,历史虚无,诋毁护国运动,197
内容违反社会主义核心价值观,历史虚无,否认武昌起义,198
内容违反社会主义核心价值观,历史虚无,否认七七事变,199
内容违反社会主义核心价值观,历史虚无,贬低大跃进运动,200
内容违反社会主义核心价值观,历史虚无,贬低平型关大捷意义,201
内容违反社会主义核心价值观,历史虚无,否认脱贫攻坚成就,202
内容违反社会主义核心价值观,历史虚无,否认一化三改,203
内容违反社会主义核心价值观,历史虚无,歪曲抗战胜利原因,204
内容违反社会主义核心价值观,历史虚无,否认抗美援朝决策,205
内容违反社会主义核心价值观,历史虚无,否定会宁会师,206
内容违反社会主义核心价值观,历史虚无,贬低四渡赤水,207
内容违反社会主义核心价值观,历史虚无,歪曲雷锋事迹,208
内容违反社会主义核心价值观,历史虚无,否定开国大典意义,209
内容违反社会主义核心价值观,历史虚无,歪曲平津战役,210
内容违反社会主义核心价值观,历史虚无,贬低淞沪会战,211
内容违反社会主义核心价值观,历史虚无,质疑中国航天成就,212
内容违反社会主义核心价值观,历史虚无,质疑张思德,213
内容违反社会主义核心价值观,历史虚无,诋毁董存瑞,214
内容违反社会主义核心价值观,历史虚无,质疑长征意义,215
内容违反社会主义核心价值观,历史虚无,质疑人民公社化运动,216
内容违反社会主义核心价值观,历史虚无,否定抗战历史,217
内容违反社会主义核心价值观,历史虚无,否定滇缅会战,218
内容违反社会主义核心价值观,历史虚无,贬低西沙海战,219
内容违反社会主义核心价值观,历史虚无,质疑台湾人民反割台,220
内容违反社会主义核心价值观,历史虚无,歪曲长沙会战,221
内容违反社会主义核心价值观,历史虚无,诋毁秋收起义意义,222
内容违反社会主义核心价值观,历史虚无,诋毁豫湘桂战役,223
内容违反社会主义核心价值观,历史虚无,贬低抗疫成果,224
内容违反社会主义核心价值观,历史虚无,否定西安事变,225
内容违反社会主义核心价值观,历史虚无,歪曲土地改革,226
内容违反社会主义核心价值观,历史虚无,贬低辛亥革命,227
内容违反社会主义核心价值观,历史虚无,贬低上甘岭战役,228
内容违反社会主义核心价值观,历史虚无,抹黑邱少云,229
内容违反社会主义核心价值观,历史虚无,否认中国共产党成立,230
内容违反社会主义核心价值观,历史虚无,质疑长征胜利,231
内容违反社会主义核心价值观,历史虚无,贬低渡江战役,232
内容违反社会主义核心价值观,历史虚无,歪曲台儿庄战役,233
内容违反社会主义核心价值观,历史虚无,诋毁香港回归意义,234
内容违反社会主义核心价值观,历史虚无,否定淮海战役,235
内容违反社会主义核心价值观,历史虚无,否定黄花岗起义,236
内容违反社会主义核心价值观,历史虚无,歪曲保路运动,237
内容违反社会主义核心价值观,历史虚无,质疑五四运动,238
内容违反社会主义核心价值观,历史虚无,贬低中共一大,239
内容违反社会主义核心价值观,历史虚无,质疑刘永福抗法,240
内容违反社会主义核心价值观,历史虚无,歪曲五四运动意义,241
内容违反社会主义核心价值观,历史虚无,否认珍宝岛自卫反击战,242
内容违反社会主义核心价值观,价值观扭曲,过度拜金,243
内容违反社会主义核心价值观,价值观扭曲,极端利己,244
内容违反社会主义核心价值观,价值观扭曲,崇洋媚外,245
内容违反社会主义核心价值观,价值观扭曲,漠视生命,246
内容违反社会主义核心价值观,价值观扭曲,践踏规则,247
内容违反社会主义核心价值观,价值观扭曲,笑贫不笑娼,248
内容违反社会主义核心价值观,价值观扭曲,虚假炫富,249
内容违反社会主义核心价值观,价值观扭曲,恶意攀比,250
内容违反社会主义核心价值观,价值观扭曲,诋毁正义,251
内容违反社会主义核心价值观,价值观扭曲,沉迷享乐,252
内容违反社会主义核心价值观,价值观扭曲,无视道德,253
内容违反社会主义核心价值观,价值观扭曲,自私自利心,254
内容违反社会主义核心价值观,价值观扭曲,歪曲历史观,255
内容违反社会主义核心价值观,价值观扭曲,轻视亲情,256
内容违反社会主义核心价值观,价值观扭曲,鄙夷劳动,257
内容违反社会主义核心价值观,价值观扭曲,崇尚暴力,258
内容违反社会主义核心价值观,价值观扭曲,造谣传谣风,259
内容违反社会主义核心价值观,价值观扭曲,麻木不仁态,260
内容违反社会主义核心价值观,价值观扭曲,冷漠待人事,261
内容违反社会主义核心价值观,价值观扭曲,贪婪无止境,262
内容违反社会主义核心价值观,价值观扭曲,虚荣爱显摆,263
内容违反社会主义核心价值观,价值观扭曲,损人以利己,264
内容违反社会主义核心价值观,价值观扭曲,投机取巧念,265
内容违反社会主义核心价值观,价值观扭曲,不劳而获想,266
内容违反社会主义核心价值观,价值观扭曲,歪曲价值观,267
内容违反社会主义核心价值观,价值观扭曲,无视责任感,268
内容违反社会主义核心价值观,价值观扭曲,抛弃羞耻心,269
内容违反社会主义核心价值观,价值观扭曲,纵容恶行为,270
内容违反社会主义核心价值观,价值观扭曲,鼓吹歪思想,271
内容违反社会主义核心价值观,价值观扭曲,盲目追星狂,272
内容违反社会主义核心价值观,价值观扭曲,沉迷虚拟界,273
内容违反社会主义核心价值观,价值观扭曲,蔑视他人格,274
内容违反社会主义核心价值观,价值观扭曲,淡化民族情,275
内容违反社会主义核心价值观,价值观扭曲,无视公序良,276
内容违反社会主义核心价值观,价值观扭曲,信奉阴谋论,277
内容违反社会主义核心价值观,价值观扭曲,鼓吹奢靡风,278
内容违反社会主义核心价值观,价值观扭曲,宣扬颓废态,279
内容违反社会主义核心价值观,价值观扭曲,否定奋斗观,280
内容违反社会主义核心价值观,价值观扭曲,扭曲成功念,281
内容违反社会主义核心价值观,价值观扭曲,亵渎传统节,282
内容违反社会主义核心价值观,价值观扭曲,嘲笑奉献者,283
内容违反社会主义核心价值观,价值观扭曲,美化不良行,284
内容违反社会主义核心价值观,价值观扭曲,践踏文明风,285
内容违反社会主义核心价值观,价值观扭曲,歪曲善良心,286
内容违反社会主义核心价值观,价值观扭曲,轻视教育重,287
内容违反社会主义核心价值观,价值观扭曲,鼓吹低俗趣,288
内容违反社会主义核心价值观,价值观扭曲,无视环保责,289
内容违反社会主义核心价值观,价值观扭曲,冷漠邻里情,290
内容违反社会主义核心价值观,价值观扭曲,丑化正能量,291
歧视性内容,年龄歧视,老笨蛋,292
歧视性内容,年龄歧视,小瘦猴,293
歧视性内容,年龄歧视,小瞎子样,294
歧视性内容,年龄歧视,小弱智样,295
歧视性内容,年龄歧视,小瘪三,296
歧视性内容,年龄歧视,小喽啰样,297
歧视性内容,年龄歧视,老糊涂,298
歧视性内容,年龄歧视,老不死,299
歧视性内容,年龄歧视,老糊涂虫,300
歧视性内容,年龄歧视,老掉牙样,301
歧视性内容,年龄歧视,老呆子,302
歧视性内容,年龄歧视,老气横秋样,303
歧视性内容,年龄歧视,小毛孩子劲儿,304
歧视性内容,年龄歧视,小傻蛋,305
歧视性内容,年龄歧视,老糊涂样,306
歧视性内容,年龄歧视,小喽啰,307
歧视性内容,年龄歧视,老气横秋,308
歧视性内容,年龄歧视,老顽固,309
歧视性内容,年龄歧视,老态龙钟模样,310
歧视性内容,年龄歧视,小毛贼样,311
歧视性内容,年龄歧视,小娃娃气,312
歧视性内容,年龄歧视,小屁孩模样,313
歧视性内容,年龄歧视,老菜皮,314
歧视性内容,年龄歧视,小菜鸟,315
歧视性内容,年龄歧视,老胖墩样,316
歧视性内容,年龄歧视,老笨蛋样,317
歧视性内容,年龄歧视,老痴呆,318
歧视性内容,年龄歧视,老糊涂蛋,319
歧视性内容,年龄歧视,老古董,320
歧视性内容,年龄歧视,老痴呆样,321
歧视性内容,年龄歧视,小毛头样,322
歧视性内容,年龄歧视,老东西,323
歧视性内容,年龄歧视,小娃娃气样,324
歧视性内容,年龄歧视,小滑头,325
歧视性内容,年龄歧视,老顽固派,326
歧视性内容,年龄歧视,小笨蛋玩意儿,327
歧视性内容,年龄歧视,小没出息,328
歧视性内容,年龄歧视,小呆瓜样,329
歧视性内容,年龄歧视,老瘸子样,330
歧视性内容,年龄歧视,老货,331
歧视性内容,年龄歧视,小矬子样,332
歧视性内容,年龄歧视,老不中用,333
歧视性内容,年龄歧视,老不中用样,334
歧视性内容,年龄歧视,老态龙钟,335
歧视性内容,年龄歧视,小傻蛋样,336
歧视性内容,年龄歧视,小毛脚,337
歧视性内容,年龄歧视,老丑八怪样,338
歧视性内容,年龄歧视,小没出息样,339
歧视性内容,年龄歧视,小愣头,340
歧视性内容,年龄歧视,小弱智,341
歧视性内容,年龄歧视,老呆子样,342
歧视性内容,年龄歧视,小破孩,343
歧视性内容,年龄歧视,小矬子,344
歧视性内容,年龄歧视,小废物点心,345
歧视性内容,年龄歧视,小瘦猴样,346
歧视性内容,年龄歧视,小废物样,347
歧视性内容,年龄歧视,老掉牙,348
歧视性内容,年龄歧视,老胖墩,349
歧视性内容,年龄歧视,老蠢货,350
歧视性内容,年龄歧视,小毛孩,351
歧视性内容,年龄歧视,老残障,352
歧视性内容,年龄歧视,小屁孩样,353
歧视性内容,年龄歧视,小混球,354
歧视性内容,年龄歧视,小屁墩,355
歧视性内容,年龄歧视,老聋子样,356
歧视性内容,年龄歧视,老哑巴,357
歧视性内容,年龄歧视,老聋子,358
歧视性内容,年龄歧视,小毛头,359
歧视性内容,年龄歧视,老瘸子,360
歧视性内容,年龄歧视,黄毛丫头,361
歧视性内容,年龄歧视,幼稚鬼,362
歧视性内容,年龄歧视,小馋猫,363
歧视性内容,年龄歧视,老骨头,364
歧视性内容,年龄歧视,老油子,365
歧视性内容,年龄歧视,老不死的,366
歧视性内容,年龄歧视,小屁孩,367
歧视性内容,年龄歧视,老蠢货样,368
歧视性内容,年龄歧视,老不正经,369
歧视性内容,年龄歧视,小懒虫,370
歧视性内容,年龄歧视,老残障样,371
歧视性内容,年龄歧视,小毛贼,372
歧视性内容,年龄歧视,小傻样,373
歧视性内容,年龄歧视,小瞎子,374
歧视性内容,年龄歧视,老顽固样,375
歧视性内容,年龄歧视,小毛孩子劲,376
歧视性内容,年龄歧视,老丑八怪,377
歧视性内容,年龄歧视,老家伙,378
歧视性内容,年龄歧视,老哑巴样,379
歧视性内容,年龄歧视,小笨蛋玩意儿样,380
歧视性内容,年龄歧视,小呆瓜,381
歧视性内容,年龄歧视,臭小子,382
歧视性内容,年龄歧视,老废物点心,383
歧视性内容,年龄歧视,老废物,384
歧视性内容,年龄歧视,老糊涂虫样,385
歧视性内容,年龄歧视,老赖皮,386
歧视性内容,年龄歧视,小愣头青,387
歧视性内容,年龄歧视,小蠢货,388
歧视性内容,年龄歧视,小嫩货,389
歧视性内容,年龄歧视,老朽木,390
歧视性内容,年龄歧视,老病秧,391
歧视性内容,年龄歧视,老馋鬼,392
歧视性内容,年龄歧视,老色鬼,393
歧视性内容,年龄歧视,老抠门,394
歧视性内容,年龄歧视,老滑头,395
歧视性内容,年龄歧视,老光棍,396
歧视性内容,年龄歧视,老寡妇,397
歧视性内容,年龄歧视,老剩女,398
歧视性内容,年龄歧视,老鳏夫,399
歧视性内容,年龄歧视,小毛脚鸡,400
歧视性内容,年龄歧视,小鼻涕虫,401
歧视性内容,年龄歧视,小癞皮狗,402
歧视性内容,年龄歧视,小癞痢头,403
歧视性内容,年龄歧视,小毛手毛脚,404
歧视性内容,年龄歧视,小没教养样,405
歧视性内容,年龄歧视,小没礼貌样,406
歧视性内容,年龄歧视,小穷酸样,407
歧视性内容,年龄歧视,小破落户,408
歧视性内容,年龄歧视,小二流子,409
歧视性内容,年龄歧视,小地痞样,410
歧视性内容,年龄歧视,小混混样,411
歧视性内容,年龄歧视,小无赖样,412
歧视性内容,年龄歧视,小瘪三样,413
歧视性内容,年龄歧视,小乞丐样,414
歧视性内容,年龄歧视,小土包子,415
歧视性内容,年龄歧视,小乡巴佬,416
歧视性内容,年龄歧视,小势利眼,417
歧视性内容,年龄歧视,小墙头草,418
歧视性内容,年龄歧视,小软骨头,419
歧视性内容,年龄歧视,小窝囊废,420
歧视性内容,年龄歧视,小胆小鬼,421
歧视性内容,年龄歧视,小脓包样,422
歧视性内容,年龄歧视,小懦夫样,423
歧视性内容,年龄歧视,小败家子,424
歧视性内容,年龄歧视,小害人精,425
歧视性内容,年龄歧视,小捣蛋鬼,426
歧视性内容,年龄歧视,小调皮鬼,427
歧视性内容,年龄歧视,小讨厌鬼,428
歧视性内容,年龄歧视,小惹事精,429
歧视性内容,年龄歧视,老不要脸,430
歧视性内容,年龄歧视,老色眯眯,431
歧视性内容,年龄歧视,老奸巨滑,432
歧视性内容,年龄歧视,老谋深算样,433
歧视性内容,年龄歧视,老态龙钟样,434
歧视性内容,年龄歧视,老眼昏花样,435
歧视性内容,年龄歧视,老掉渣样,436
歧视性内容,年龄歧视,老古董样,437
歧视性内容,年龄歧视,老古板样,438
歧视性内容,年龄歧视,老土帽样,439
歧视性内容,年龄歧视,老土鳖样,440
歧视性内容,年龄歧视,老抠搜样,441
歧视性内容,年龄歧视,老吝啬鬼,442
歧视性内容,年龄歧视,老守财奴,443
歧视性内容,年龄歧视,老油子样,444
歧视性内容,年龄歧视,老滑头样,445
歧视性内容,年龄歧视,老光棍样,446
歧视性内容,年龄歧视,老寡妇样,447
歧视性内容,年龄歧视,老剩女样,448
歧视性内容,年龄歧视,老鳏夫样,449
歧视性内容,年龄歧视,老废物样,450
歧视性内容,年龄歧视,老骨头样,451
歧视性内容,年龄歧视,老朽木样,452
歧视性内容,年龄歧视,老病秧样,453
歧视性内容,年龄歧视,老馋鬼样,454
歧视性内容,年龄歧视,老色鬼样,455
歧视性内容,年龄歧视,老抠门样,456
歧视性内容,年龄歧视,老赖皮样,457
歧视性内容,年龄歧视,老痴呆鬼,458
歧视性内容,年龄歧视,老不正经样,459
歧视性内容,年龄歧视,老不要脸样,460
歧视性内容,年龄歧视,老色眯眯样,461
歧视性内容,年龄歧视,老奸巨滑样,462
歧视性内容,年龄歧视,老谋深算鬼,463
歧视性内容,年龄歧视,毛头小子,464
歧视性内容,年龄歧视,小矮冬瓜,465
歧视性内容,年龄歧视,小弱鸡,466
歧视性内容,年龄歧视,小傻帽,467
歧视性内容,年龄歧视,老菜帮子,468
歧视性内容,年龄歧视,老油条,469
歧视性内容,年龄歧视,老古板,470
歧视性内容,年龄歧视,老杂毛,471
歧视性内容,年龄歧视,小屁墩儿,472
歧视性内容,年龄歧视,小瘦杆儿,473
歧视性内容,年龄歧视,小豆芽菜,474
歧视性内容,年龄歧视,小没良心的,475
歧视性内容,年龄歧视,小骗子,476
歧视性内容,年龄歧视,小无赖,477
歧视性内容,年龄歧视,老不死货,478
歧视性内容,年龄歧视,老掉渣了,479
歧视性内容,年龄歧视,老土帽,480
歧视性内容,年龄歧视,老穷鬼,481
歧视性内容,年龄歧视,老抠搜的,482
歧视性内容,年龄歧视,老病秧子,483
歧视性内容,年龄歧视,老衰货,484
歧视性内容,年龄歧视,小不点,485
歧视性内容,年龄歧视,小孬种,486
歧视性内容,年龄歧视,小废物蛋,487
歧视性内容,年龄歧视,小捣蛋货,488
歧视性内容,年龄歧视,小淘气包,489
歧视性内容,年龄歧视,小缺德鬼,490
歧视性内容,年龄歧视,小坏坯子,491
歧视性内容,年龄歧视,小恶霸样,492
歧视性内容,年龄歧视,小流氓样,493
歧视性内容,年龄歧视,老僵巴,494
歧视性内容,年龄歧视,老干巴,495
歧视性内容,年龄歧视,老歪瓜,496
歧视性内容,年龄歧视,老疯婆子,497
歧视性内容,年龄歧视,老叫花子,498
歧视性内容,年龄歧视,老二流子,499
歧视性内容,年龄歧视,老馋猫,500
歧视性内容,年龄歧视,小愣头货,501
歧视性内容,年龄歧视,小愣头青样,502
歧视性内容,年龄歧视,小傻蛋儿,503
歧视性内容,年龄歧视,小傻货,504
歧视性内容,年龄歧视,小笨蛋样,505
歧视性内容,年龄歧视,小饭桶,506
歧视性内容,年龄歧视,小软蛋,507
歧视性内容,年龄歧视,小孬种样,508
歧视性内容,年龄歧视,小缩头龟,509
歧视性内容,年龄歧视,老酸货,510
歧视性内容,年龄歧视,老酸溜溜,511
歧视性内容,年龄歧视,老穷酸样,512
歧视性内容,年龄歧视,老顽固蛋,513
歧视性内容,年龄歧视,老倔驴,514
歧视性内容,年龄歧视,老泼妇,515
歧视性内容,年龄歧视,老刁婆,516
歧视性内容,年龄歧视,老恶婆,517
歧视性内容,年龄歧视,老毒妇,518
歧视性内容,年龄歧视,老巫婆,519
歧视性内容,年龄歧视,老妖怪,520
歧视性内容,年龄歧视,老妖精,521
歧视性内容,年龄歧视,小馋嘴猫,522
歧视性内容,年龄歧视,小贪吃鬼,523
歧视性内容,年龄歧视,小饿痨鬼,524
歧视性内容,年龄歧视,小馋虫样,525
歧视性内容,年龄歧视,小脏鬼,526
歧视性内容,年龄歧视,小邋遢样,527
歧视性内容,年龄歧视,小臭虫样,528
歧视性内容,年龄歧视,小懒骨头,529
歧视性内容,年龄歧视,小懒货样,530
歧视性内容,年龄歧视,小磨蹭鬼,531
歧视性内容,年龄歧视,小拖油瓶,532
歧视性内容,年龄歧视,小累赘样,533
歧视性内容,年龄歧视,小糊涂蛋,534
歧视性内容,年龄歧视,小迷糊样,535
歧视性内容,年龄歧视,老糊涂样子,536
歧视性内容,年龄歧视,老昏聩样,537
歧视性内容,年龄歧视,老迂腐样,538
歧视性内容,职业歧视,建筑工人粗人,539
歧视性内容,职业歧视,理发师托尼,540
歧视性内容,职业歧视,保安没前途,541
歧视性内容,职业歧视,司机跑腿的,542
歧视性内容,职业歧视,快递小哥底层,543
歧视性内容,职业歧视,护工低贱,544
歧视性内容,职业歧视,保安看门的,545
歧视性内容,职业歧视,幼师哄孩子,546
歧视性内容,职业歧视,送货员低端,547
歧视性内容,职业歧视,油漆工有毒,548
歧视性内容,职业歧视,保姆下人,549
歧视性内容,职业歧视,外卖员低端,550
歧视性内容,职业歧视,保洁脏活,551
歧视性内容,职业歧视,修理工手艺人,552
歧视性内容,职业歧视,电工接线的,553
歧视性内容,职业歧视,网管没出路,554
歧视性内容,职业歧视,服务员没出息,555
歧视性内容,职业歧视,瓦工砌墙的,556
歧视性内容,职业歧视,电工没出息,557
歧视性内容,职业歧视,农民工低等,558
歧视性内容,职业歧视,月嫂没地位,559
歧视性内容,职业歧视,护工伺候人的,560
歧视性内容,职业歧视,月嫂带孩子,561
歧视性内容,职业歧视,厨师油腻,562
歧视性内容,职业歧视,客服解决问题,563
歧视性内容,职业歧视,瓦工没格调,564
歧视性内容,职业歧视,钟点工廉价,565
歧视性内容,职业歧视,工人没文化,566
歧视性内容,职业歧视,木工做家具,567
歧视性内容,职业歧视,保洁大妈,568
歧视性内容,职业歧视,前台接待花瓶,569
歧视性内容,职业歧视,外卖小哥低端,570
歧视性内容,职业歧视,厨师伙夫,571
歧视性内容,职业歧视,导购员没本事,572
歧视性内容,职业歧视,快递分拣员苦力,573
歧视性内容,职业歧视,装卸工扛货的,574
歧视性内容,职业歧视,话务员没前途,575
歧视性内容,职业歧视,木工没文化,576
歧视性内容,职业歧视,幼师没价值,577
歧视性内容,职业歧视,焊工烧铁的,578
歧视性内容,职业歧视,理发师没档次,579
歧视性内容,职业歧视,保姆没尊严,580
歧视性内容,职业歧视,焊工没档次,581
歧视性内容,职业歧视,钟点工临时的,582
歧视性内容,职业歧视,修理工没出息,583
歧视性内容,职业歧视,小商贩摆摊的,584
歧视性内容,职业歧视,钳工拧螺丝,585
歧视性内容,职业歧视,快递分拣员干活的,586
歧视性内容,职业歧视,营业员站柜台,587
歧视性内容,职业歧视,家政工搞卫生,588
歧视性内容,职业歧视,护士伺候人,589
歧视性内容,职业歧视,收银员算数的,590
歧视性内容,职业歧视,家政工卑微,591
歧视性内容,职业歧视,网管混日子,592
歧视性内容,职业歧视,建筑工人搬砖的,593
歧视性内容,职业歧视,钳工没前途,594
歧视性内容,职业歧视,快递员底层,595
歧视性内容,职业歧视,分拣员苦力,596
歧视性内容,职业歧视,理货员底层,597
歧视性内容,职业歧视,导购员推销的,598
歧视性内容,职业歧视,理货员整理货,599
歧视性内容,职业歧视,分拣员分类的,600
歧视性内容,职业歧视,护士打针的,601
歧视性内容,职业歧视,司机没地位,602
歧视性内容,职业歧视,小商贩没格调,603
歧视性内容,职业歧视,仓管员看仓库,604
歧视性内容,职业歧视,流水线工人机械,605
歧视性内容,职业歧视,营业员没价值,606
歧视性内容,职业歧视,前台花瓶,607
歧视性内容,职业歧视,收银员没本事,608
歧视性内容,职业歧视,客服没能力,609
歧视性内容,职业歧视,工人傻力气,610
歧视性内容,职业歧视,仓管员没出息,611
歧视性内容,职业歧视,送货员送东西,612
歧视性内容,职业歧视,话务员接电话,613
歧视性内容,职业歧视,油漆工刷漆的,614
歧视性内容,职业歧视,装卸工粗活,615
歧视性内容,职业歧视,流水线工人打工的,616
歧视性内容,外貌歧视,斜眼儿,617
歧视性内容,外貌歧视,胖墩儿,618
歧视性内容,外貌歧视,大嘴巴,619
歧视性内容,外貌歧视,塌鼻梁,620
歧视性内容,外貌歧视,大饼脸,621
歧视性内容,外貌歧视,满脸痘,622
歧视性内容,外貌歧视,肥猪,623
歧视性内容,外貌歧视,大鼻子,624
歧视性内容,外貌歧视,斗鸡眼,625
歧视性内容,外貌歧视,三角眼,626
歧视性内容,外貌歧视,小短腿,627
歧视性内容,外貌歧视,黑炭头,628
歧视性内容,外貌歧视,驼背佬,629
歧视性内容,外貌歧视,水桶腰,630
歧视性内容,外貌歧视,瘦猴儿,631
歧视性内容,外貌歧视,招风耳,632
歧视性内容,外貌歧视,龅牙妹,633
歧视性内容,外貌歧视,罗圈腿,634
歧视性内容,外貌歧视,麻子脸,635
歧视性内容,外貌歧视,大象腿,636
歧视性内容,外貌歧视,丑八怪,637
歧视性内容,外貌歧视,鸡胸,638
歧视性内容,外貌歧视,矮冬瓜,639
歧视性内容,外貌歧视,厚嘴唇,640
歧视性内容,外貌歧视,香肠嘴,641
歧视性内容,外貌歧视,瘦竹竿,642
歧视性内容,外貌歧视,满脸皱纹,643
歧视性内容,外貌歧视,麻杆身材,644
歧视性内容,外貌歧视,秃瓢儿,645
歧视性内容,外貌歧视,弯腰驼背,646
歧视性内容,外貌歧视,小白脸,647
歧视性内容,外貌歧视,豆芽菜身材,648
歧视性内容,残障歧视,8. 瞎老头,649
歧视性内容,残障歧视,14. 跛脚废物,650
歧视性内容,残障歧视,5. 弱智,651
歧视性内容,残障歧视,26. 呆哑子,652
歧视性内容,残障歧视,11. 残障废物,653
歧视性内容,残障歧视,12. 瘫子废物,654
歧视性内容,残障歧视,22. 蠢笨瞎子,655
歧视性内容,残障歧视,28. 傻瘫货,656
歧视性内容,残障歧视,21. 低能残障,657
歧视性内容,残障歧视,25. 傻盲流,658
歧视性内容,残障歧视,16. 哑巴蠢材,659
歧视性内容,残障歧视,1. 残废人,660
歧视性内容,残障歧视,15. 盲流子,661
歧视性内容,残障歧视,23. 笨哑之人,662
歧视性内容,残障歧视,20. 瘫傻之人,663
歧视性内容,残障歧视,2. 瘸子,664
歧视性内容,残障歧视,24. 废瘫子,665
歧视性内容,残障歧视,13. 傻子玩意,666
歧视性内容,残障歧视,9. 聋婆娘,667
歧视性内容,残障歧视,18. 呆傻盲人,668
歧视性内容,残障歧视,3. 瞎子,669
歧视性内容,残障歧视,30. 低智残人,670
歧视性内容,残障歧视,17. 笨聋子,671
歧视性内容,残障歧视,4. 聋子,672
歧视性内容,残障歧视,19. 傻瘸子货,673
歧视性内容,残障歧视,27. 笨瘸鬼,674
歧视性内容,残障歧视,29. 蠢盲废物,675
歧视性内容,残障歧视,7. 傻瘸,676
歧视性内容,残障歧视,10. 智障货,677
歧视性内容,残障歧视,6. 脑瘫儿,678
歧视性内容,教育歧视,本科歧视专科,679
歧视性内容,教育歧视,电大学历受鄙视,680
歧视性内容,教育歧视,985歧视双非,681
歧视性内容,教育歧视,自考学历被歧视,682
歧视性内容,教育歧视,成人学历遭白眼,683
歧视性内容,教育歧视,瞧不起专科生,684
歧视性内容,教育歧视,歧视低学历,685
歧视性内容,教育歧视,三本生受歧视,686
歧视性内容,教育歧视,技校生不行,687
歧视性内容,教育歧视,非名校受歧视,688
歧视性内容,教育歧视,歧视夜大生,689
歧视性内容,教育歧视,低学历没出息,690
歧视性内容,教育歧视,低文凭被嫌弃,691
歧视性内容,教育歧视,歧视电大生,692
歧视性内容,教育歧视,普本被歧视,693
歧视性内容,教育歧视,普通院校被歧视,694
歧视性内容,教育歧视,非全日制不行,695
歧视性内容,教育歧视,非985就不行,696
歧视性内容,教育歧视,歧视职业院校,697
歧视性内容,教育歧视,歧视职高生,698
歧视性内容,教育歧视,歧视专升本,699
歧视性内容,教育歧视,函授学历被看不起,700
歧视性内容,教育歧视,歧视成人高考学历,701
歧视性内容,教育歧视,歧视三本学生,702
歧视性内容,教育歧视,职业学院被歧视,703
歧视性内容,教育歧视,夜大文凭不行,704
歧视性内容,教育歧视,鄙视技校生,705
歧视性内容,教育歧视,歧视非全日制,706
歧视性内容,教育歧视,专升本没前途,707
歧视性内容,教育歧视,双非遭歧视,708
歧视性内容,教育歧视,专科生没未来,709
歧视性内容,教育歧视,专科就是差,710
歧视性内容,教育歧视,看不上中专生,711
歧视性内容,教育歧视,1. 普高歧视职高,712
歧视性内容,教育歧视,3. 公立歧视私立,713
歧视性内容,教育歧视,5. 女博士被歧视,714
歧视性内容,教育歧视,6. 理科歧视文科,715
歧视性内容,教育歧视,8. 单科差被歧视,716
歧视性内容,教育歧视,9. 农村学校歧视,717
歧视性内容,教育歧视,12. 体校生被歧视,718
歧视性内容,教育歧视,13. 艺术生被歧视,719
歧视性内容,教育歧视,14. 特长生遭歧视,720
歧视性内容,教育歧视,16. 贫困生受歧视,721
歧视性内容,教育歧视,17. 非团员受歧视,722
歧视性内容,教育歧视,19. 奥数差被歧视,723
歧视性内容,教育歧视,20. 英语差被歧视,724
歧视性内容,教育歧视,2. 非全硕士遭嫌,725
歧视性内容,教育歧视,3. 专科歧视中专,726
歧视性内容,教育歧视,4. 普通校被看低,727
歧视性内容,教育歧视,5. 夜大文凭受贬,728
歧视性内容,教育歧视,6. 二本歧视三本,729
歧视性内容,教育歧视,7. 民办校受歧视,730
歧视性内容,教育歧视,8. 函授学历被嘲,731
歧视性内容,教育歧视,9. 网教学历遭讽,732
歧视性内容,教育歧视,10. 体育生受偏见,733
歧视性内容,教育歧视,11. 艺术生被轻视,734
歧视性内容,教育歧视,12. 非重点被小看,735
歧视性内容,教育歧视,13. 职高生受歧视,736
歧视性内容,教育歧视,14. 中专生被嫌弃,737
歧视性内容,教育歧视,15. 非顶尖遭歧视,738
歧视性内容,教育歧视,16. 低分校被歧视,739
歧视性内容,教育歧视,17. 冷门专业受欺,740
歧视性内容,教育歧视,18. 师范校被看扁,741
歧视性内容,教育歧视,19. 非医科被歧视,742
